x-axis,1,2
second,Volt,Volt
-384.00E-09,-575.14133616E-03,-287.37437411E-03
-383.00E-09,-617.54083398E-03,-277.16708760E-03
-382.00E-09,-594.18185138E-03,-188.83480047E-03
-381.00E-09,-593.78926344E-03,-63.99183467E-03
-380.00E-09,-627.55182652E-03,-281.87814291E-03
-379.00E-09,-570.62657482E-03,-432.23932499E-03
-378.00E-09,-563.16740390E-03,-416.14321934E-03
-377.00E-09,-506.63474014E-03,-354.50691232E-03
-376.00E-09,-501.53109689E-03,-335.27010313E-03
-375.00E-09,-601.64102229E-03,-245.76005217E-03
-374.00E-09,-615.18530632E-03,-130.73178494E-03
-373.00E-09,-611.45572086E-03,-130.73178494E-03
-372.00E-09,-566.11181347E-03,-273.63379611E-03
-371.00E-09,-480.72393592E-03,-373.74372152E-03
-370.00E-09,-459.72048098E-03,-270.88568051E-03
-369.00E-09,-487.39793095E-03,-214.35301675E-03
-368.00E-09,-549.03423796E-03,-285.01884645E-03
-367.00E-09,-612.43719072E-03,-283.05590674E-03
-366.00E-09,-596.53737904E-03,-241.83417275E-03
-365.00E-09,-541.77136102E-03,-148.79083031E-03
-364.00E-09,-594.57443932E-03,-264.21168548E-03
-363.00E-09,-559.24152448E-03,-411.43216402E-03
-362.00E-09,-517.82349651E-03,-448.33543064E-03
-361.00E-09,-542.16394897E-03,-416.14321934E-03
-360.00E-09,-534.11589614E-03,-304.25565565E-03
-359.00E-09,-574.94504219E-03,-189.22738842E-03
-358.00E-09,-542.94912485E-03,-168.02763951E-03
-357.00E-09,-533.13442628E-03,-224.16771532E-03
-356.00E-09,-608.31501732E-03,-392.19535483E-03
-355.00E-09,-485.43499123E-03,-491.52010435E-03
-354.00E-09,-529.20854685E-03,-439.30590796E-03
-353.00E-09,-559.24152448E-03,-296.40389679E-03
-352.00E-09,-592.21891167E-03,-309.35929890E-03
-351.00E-09,-647.18122366E-03,-338.41080667E-03
-350.00E-09,-543.14541882E-03,-275.59673582E-03
-349.00E-09,-510.16803163E-03,-189.22738842E-03
-348.00E-09,-579.45980353E-03,-313.67776627E-03
-347.00E-09,-481.50911181E-03,-527.24560714E-03
-346.00E-09,-579.45980353E-03,-466.00188807E-03
-345.00E-09,-544.12688868E-03,-258.32286634E-03
-344.00E-09,-515.46796886E-03,-282.27073085E-03
-343.00E-09,-553.15641136E-03,-240.26382097E-03
-342.00E-09,-591.23744181E-03,-127.59108140E-03
-341.00E-09,-634.42211552E-03,-228.09359475E-03
-340.00E-09,-601.44472832E-03,-347.83291729E-03
-339.00E-09,-516.05685077E-03,-423.60239025E-03
-338.00E-09,-602.42619818E-03,-520.17902417E-03
-337.00E-09,-557.08229079E-03,-420.85427465E-03
-336.00E-09,-545.10835854E-03,-428.70603350E-03
-335.00E-09,-551.38976562E-03,-446.37249093E-03
-334.00E-09,-583.18938898E-03,-378.06218889E-03
-333.00E-09,-610.08166306E-03,-219.84924795E-03
-332.00E-09,-602.22990421E-03,-212.39007704E-03
-331.00E-09,-525.08637345E-03,-291.69284148E-03
-330.00E-09,-608.70760526E-03,-456.97236538E-03
-329.00E-09,-589.86338401E-03,-302.29271593E-03
-328.00E-09,-571.41175070E-03,-164.88693596E-03
-327.00E-09,-637.17023112E-03,-310.14447479E-03
-326.00E-09,-570.43028084E-03,-183.33856927E-03
-325.00E-09,-572.19692659E-03,-77.73241267E-03
-324.00E-09,-584.17085884E-03,-232.41206212E-03
-323.00E-09,-515.66426283E-03,-393.37311866E-03
-322.00E-09,-533.33072025E-03,-475.81658664E-03
-321.00E-09,-550.60458973E-03,-294.04836913E-03
-320.00E-09,-536.86401174E-03,-238.69346920E-03
-319.00E-09,-590.84485387E-03,-179.80527779E-03
-318.00E-09,-585.15232870E-03,-129.16143317E-03
-317.00E-09,-557.47487873E-03,-199.43467493E-03
-316.00E-09,-629.90735417E-03,-347.83291729E-03
-315.00E-09,-582.20791913E-03,-486.41646109E-03
-314.00E-09,-575.92651204E-03,-557.47487873E-03
-313.00E-09,-539.61212734E-03,-459.32789304E-03
-312.00E-09,-547.66018016E-03,-288.94472588E-03
-311.00E-09,-630.49623609E-03,-275.20414788E-03
-310.00E-09,-682.51413851E-03,-310.92965067E-03
-309.00E-09,-643.84422614E-03,-233.58982595E-03
-308.00E-09,-655.42557045E-03,-271.67085640E-03
-307.00E-09,-510.95320751E-03,-504.47550646E-03
-306.00E-09,-492.30528023E-03,-546.48241633E-03
-305.00E-09,-529.60113480E-03,-337.62563078E-03
-304.00E-09,-549.23053194E-03,-411.43216402E-03
-303.00E-09,-674.66237965E-03,-424.38756613E-03
-302.00E-09,-590.64855990E-03,-309.35929890E-03
-301.00E-09,-552.96011739E-03,-270.88568051E-03
-300.00E-09,-597.32255492E-03,-305.04083153E-03
-299.00E-09,-510.36432560E-03,-345.08480169E-03
-298.00E-09,-466.39447601E-03,-367.85490238E-03
-297.00E-09,-502.70886072E-03,-377.66960094E-03
-296.00E-09,-513.50502914E-03,-195.90138344E-03
-295.00E-09,-567.09328333E-03,-279.91520319E-03
-294.00E-09,-536.47142379E-03,-274.41897200E-03
-293.00E-09,-534.31219011E-03,-139.36871968E-03
-292.00E-09,-563.55999185E-03,-158.60552888E-03
-291.00E-09,-520.37531814E-03,-303.07789182E-03
-290.00E-09,-591.82632373E-03,-314.85553010E-03
-289.00E-09,-646.19975380E-03,-397.69158603E-03
-288.00E-09,-584.36715281E-03,-319.17399747E-03
-287.00E-09,-624.80371092E-03,-275.59673582E-03
-286.00E-09,-580.44127338E-03,-308.96671096E-03
-285.00E-09,-574.74874822E-03,-219.06407207E-03
-284.00E-09,-582.79680104E-03,-217.88630824E-03
-283.00E-09,-489.94975258E-03,-346.65515347E-03
-282.00E-09,-487.59422492E-03,-432.23932499E-03
-281.00E-09,-524.89007948E-03,-347.04774141E-03
-280.00E-09,-522.53455183E-03,-246.93781600E-03
-279.00E-09,-595.35961521E-03,-258.71545429E-03
-278.00E-09,-604.38913789E-03,-267.74497697E-03
-277.00E-09,-592.61149961E-03,-80.08794033E-03
-276.00E-09,-633.63693963E-03,-274.02638405E-03
-275.00E-09,-551.19347165E-03,-380.81030449E-03
-274.00E-09,-546.28612236E-03,-301.90012799E-03
-273.00E-09,-563.16740390E-03,-224.16771532E-03
-272.00E-09,-556.88599682E-03,-294.04836913E-03
-271.00E-09,-585.34862267E-03,-345.08480169E-03
-270.00E-09,-577.69315779E-03,-337.62563078E-03
-269.00E-09,-563.55999185E-03,-225.73806709E-03
-268.00E-09,-594.77073330E-03,-270.49309257E-03
-267.00E-09,-531.95666245E-03,-429.49120939E-03
-266.00E-09,-567.28957730E-03,-417.71357111E-03
-265.00E-09,-557.08229079E-03,-351.75879672E-03
-264.00E-09,-566.11181347E-03,-415.75063139E-03
-263.00E-09,-673.28832185E-03,-410.25440019E-03
-262.00E-09,-667.00691477E-03,-293.65578119E-03
-261.00E-09,-579.85239147E-03,-151.14635797E-03
-260.00E-09,-612.24089675E-03,-442.44661150E-03
-259.00E-09,-571.01916276E-03,-511.54208943E-03
-258.00E-09,-540.39730322E-03,-419.28392288E-03
-257.00E-09,-541.18247911E-03,-319.56658541E-03
-256.00E-09,-541.96765499E-03,-234.76758978E-03
-255.00E-09,-607.92242938E-03,-192.36809196E-03
-254.00E-09,-617.73712795E-03,-242.61934863E-03
-253.00E-09,-636.18876126E-03,-223.38253944E-03
-252.00E-09,-606.35207761E-03,-314.85553010E-03
-251.00E-09,-509.57914972E-03,-473.85364692E-03
-250.00E-09,-530.38631068E-03,-515.86055680E-03
-249.00E-09,-544.71577059E-03,-447.55025476E-03
-248.00E-09,-520.76790608E-03,-335.66269107E-03
-247.00E-09,-601.24843435E-03,-295.61872091E-03
-246.00E-09,-584.75974076E-03,-222.59736355E-03
-245.00E-09,-608.90389924E-03,-190.40515224E-03
-244.00E-09,-593.39667550E-03,-301.11495210E-03
-243.00E-09,-535.29365997E-03,-374.13630946E-03
-242.00E-09,-605.17431378E-03,-505.26068234E-03
-241.00E-09,-539.21953939E-03,-475.81658664E-03
-240.00E-09,-493.67933803E-03,-284.62625851E-03
-239.00E-09,-583.97456487E-03,-280.70037908E-03
-238.00E-09,-581.61903721E-03,-331.34422370E-03
-237.00E-09,-658.17368605E-03,-269.70791668E-03
-236.00E-09,-641.29240451E-03,-395.33605837E-03
-235.00E-09,-497.80151143E-03,-489.55716463E-03
-234.00E-09,-579.26350956E-03,-357.25502792E-03
-233.00E-09,-531.36778054E-03,-408.68404842E-03
-232.00E-09,-475.42399869E-03,-327.41834427E-03
-231.00E-09,-622.84077120E-03,-254.00439897E-03
-230.00E-09,-635.59987934E-03,-176.27198630E-03
-229.00E-09,-572.58951453E-03,-191.97550401E-03
-228.00E-09,-576.51539396E-03,-292.08542942E-03
-227.00E-09,-518.60867240E-03,-425.17274202E-03
-226.00E-09,-560.22299433E-03,-368.24749032E-03
-225.00E-09,-590.25597195E-03,-279.13002731E-03
-224.00E-09,-551.38976562E-03,-280.70037908E-03
-223.00E-09,-573.96357233E-03,-160.96105654E-03
-222.00E-09,-557.86746668E-03,-133.47990054E-03
-221.00E-09,-527.44190111E-03,-12.56281417E-03
-220.00E-09,-591.63002975E-03,-102.07286512E-03
-219.00E-09,-542.75283088E-03,-365.49937472E-03
-218.00E-09,-582.20791913E-03,-402.01005340E-03
-217.00E-09,-547.85647413E-03,-410.25440019E-03
-216.00E-09,-495.24968980E-03,-332.12939958E-03
-215.00E-09,-560.61558228E-03,-410.64698814E-03
-214.00E-09,-536.66771777E-03,-345.86997758E-03
-213.00E-09,-561.00817022E-03,-146.82789060E-03
-212.00E-09,-609.49278115E-03,-237.51570538E-03
-211.00E-09,-514.09391106E-03,-414.96545551E-03
-210.00E-09,-535.29365997E-03,-496.23115966E-03
-209.00E-09,-557.67117270E-03,-473.46105898E-03
-208.00E-09,-524.30119757E-03,-367.06972649E-03
-207.00E-09,-645.02198997E-03,-268.92274080E-03
-206.00E-09,-617.93342192E-03,-207.28643378E-03
-205.00E-09,-588.48932621E-03,-205.71608201E-03
-204.00E-09,-652.87374883E-03,-430.66897322E-03
-203.00E-09,-566.11181347E-03,-580.63756736E-03
-202.00E-09,-603.21137407E-03,-491.12751640E-03
-201.00E-09,-617.73712795E-03,-331.34422370E-03
-200.00E-09,-504.08291852E-03,-395.72864631E-03
-199.00E-09,-569.25251702E-03,-444.80213916E-03
-198.00E-09,-579.85239147E-03,-293.65578119E-03
-197.00E-09,-561.20446419E-03,-154.67964945E-03
-196.00E-09,-541.37877308E-03,-396.90641014E-03
-195.00E-09,-498.39039335E-03,-582.99309501E-03
-194.00E-09,-538.43436351E-03,-582.60050707E-03
-193.00E-09,-558.84893653E-03,-408.29146048E-03
-192.00E-09,-499.37186320E-03,-312.10741450E-03
-191.00E-09,-589.66709004E-03,-249.29334366E-03
-190.00E-09,-636.38505523E-03,-213.17525292E-03
-189.00E-09,-588.68562018E-03,-173.13128276E-03
-188.00E-09,-575.73021807E-03,-269.31532874E-03
-187.00E-09,-520.57161211E-03,-344.69221375E-03
-186.00E-09,-528.03078303E-03,-320.35176130E-03
-185.00E-09,-576.31909999E-03,-279.91520320E-03
-184.00E-09,-555.90452696E-03,-302.29271593E-03
-183.00E-09,-590.05967798E-03,-236.73052949E-03
-182.00E-09,-589.07820813E-03,-227.30841886E-03
-181.00E-09,-560.61558228E-03,-195.90138344E-03
-180.00E-09,-555.90452696E-03,-367.85490238E-03
-179.00E-09,-469.33888558E-03,-467.17965190E-03
-178.00E-09,-550.01570782E-03,-350.97362084E-03
-177.00E-09,-579.26350956E-03,-234.37500183E-03
-176.00E-09,-535.09736600E-03,-184.51633310E-03
-175.00E-09,-586.72268047E-03,-243.40452452E-03
-174.00E-09,-542.36024294E-03,-208.85678555E-03
-173.00E-09,-533.52701422E-03,-53.39196022E-03
-172.00E-09,-545.89353442E-03,-206.10866995E-03
-171.00E-09,-522.14196388E-03,-464.43153630E-03
-170.00E-09,-595.94849712E-03,-508.00879794E-03
-169.00E-09,-638.15170097E-03,-307.39635919E-03
-168.00E-09,-550.60458973E-03,-290.12248971E-03
-167.00E-09,-594.57443932E-03,-265.38944931E-03
-166.00E-09,-592.21891167E-03,-223.38253944E-03
-165.00E-09,-604.58543187E-03,-243.40452452E-03
-164.00E-09,-603.99654995E-03,-358.04020381E-03
-163.00E-09,-524.10490360E-03,-457.36495333E-03
-162.00E-09,-549.03423796E-03,-450.69095830E-03
-161.00E-09,-619.70006766E-03,-324.67022867E-03
-160.00E-09,-556.10082093E-03,-253.21922309E-03
-159.00E-09,-550.21200179E-03,-330.95163575E-03
-158.00E-09,-557.27858476E-03,-230.05653446E-03
-157.00E-09,-587.31156238E-03,-181.76821750E-03
-156.00E-09,-647.96639954E-03,-369.81784209E-03
-155.00E-09,-489.75345861E-03,-467.57223984E-03
-154.00E-09,-542.94912485E-03,-380.02512860E-03
-153.00E-09,-600.07067052E-03,-351.36620878E-03
-152.00E-09,-549.03423796E-03,-352.93656055E-03
-151.00E-09,-587.50785635E-03,-362.75125912E-03
-150.00E-09,-599.08920067E-03,-184.51633310E-03
-149.00E-09,-626.96294460E-03,-228.09359475E-03
-148.00E-09,-602.03361024E-03,-387.87688746E-03
-147.00E-09,-520.17902417E-03,-386.69912363E-03
-146.00E-09,-595.75220315E-03,-355.68467615E-03
-145.00E-09,-616.16677618E-03,-363.92902295E-03
-144.00E-09,-534.11589614E-03,-274.41897200E-03
-143.00E-09,-585.34862267E-03,-363.14384706E-03
-142.00E-09,-589.86338401E-03,-347.83291729E-03
-141.00E-09,-606.74466555E-03,-278.73743937E-03
-140.00E-09,-596.34108507E-03,-374.52889740E-03
-139.00E-09,-458.34642318E-03,-406.32852077E-03
-138.00E-09,-513.11244120E-03,-418.10615905E-03
-137.00E-09,-542.55653691E-03,-434.59485265E-03
-136.00E-09,-519.39384828E-03,-368.24749032E-03
-135.00E-09,-616.95195206E-03,-240.65640892E-03
-134.00E-09,-561.59705213E-03,-140.54648351E-03
-133.00E-09,-529.40484083E-03,-201.00502670E-03
-132.00E-09,-614.59642441E-03,-362.75125912E-03
-131.00E-09,-551.78235356E-03,-446.37249093E-03
-130.00E-09,-566.11181347E-03,-417.71357111E-03
-129.00E-09,-551.19347165E-03,-342.72927404E-03
-128.00E-09,-548.44535605E-03,-370.99560592E-03
-127.00E-09,-607.72613541E-03,-169.59799128E-03
-126.00E-09,-499.96074512E-03,-109.53203603E-03
-125.00E-09,-497.01633555E-03,-148.39824237E-03
-124.00E-09,-643.25534423E-03,-276.77449965E-03
-123.00E-09,-536.27512982E-03,-445.97990299E-03
-122.00E-09,-534.70477805E-03,-440.09108384E-03
-121.00E-09,-572.78580850E-03,-347.44032935E-03
-120.00E-09,-561.00817022E-03,-230.05653446E-03
-119.00E-09,-585.93750458E-03,-201.39761464E-03
-118.00E-09,-545.69724045E-03,-196.68655933E-03
-117.00E-09,-562.77481596E-03,-90.68781478E-03
-116.00E-09,-557.08229079E-03,-164.49434802E-03
-115.00E-09,-487.79051889E-03,-245.76005217E-03
-114.00E-09,-519.59014226E-03,-350.18844495E-03
-113.00E-09,-539.21953939E-03,-276.38191171E-03
-112.00E-09,-465.80559410E-03,-169.99057922E-03
-111.00E-09,-546.87500428E-03,-323.88505278E-03
-110.00E-09,-522.92713977E-03,-215.13819264E-03
-109.00E-09,-383.95100803E-03,-173.91645865E-03
-108.00E-09,-32.97738719E-03,-263.81909754E-03
-107.00E-09,+966.15892716E-03,-396.12123425E-03
-106.00E-09,+2.87688444462E+00,-345.86997758E-03
-105.00E-09,+5.88862284758E+00,-299.54460033E-03
-104.00E-09,+9.66551515100E+00,-339.98115844E-03
-103.00E-09,+13.22000638484E+00,-336.05527901E-03
-102.00E-09,+15.95712952182E+00,-208.07160967E-03
-101.00E-09,+17.59638047686E+00,-24.73304040E-03
-100.00E-09,+18.33581986706E+00,-263.81909754E-03
-99.00E-09,+18.51503626294E+00,-392.58794277E-03
-98.00E-09,+18.44751113678E+00,-416.53580728E-03
-97.00E-09,+18.39843764393E+00,-404.75816900E-03
-96.00E-09,+18.52426207959E+00,-329.77387193E-03
-95.00E-09,+18.71348946801E+00,-307.00377125E-03
-94.00E-09,+18.89407992168E+00,-79.69535238E-03
-93.00E-09,+18.94197565070E+00,-46.32537725E-03
-92.00E-09,+18.97671968363E+00,-305.82600742E-03
-91.00E-09,+19.15083243625E+00,-417.32098316E-03
-90.00E-09,+19.08703689555E+00,-361.96608323E-03
-89.00E-09,+19.13022156926E+00,-210.03454938E-03
-88.00E-09,+19.15731013731E+00,-285.80402234E-03
-87.00E-09,+19.20088739895E+00,-235.55276566E-03
-86.00E-09,+19.22620932126E+00,-118.95414666E-03
-85.00E-09,+19.18636164507E+00,-71.84359353E-03
-84.00E-09,+19.24780165812E+00,-217.49372030E-03
-83.00E-09,+19.40385536537E+00,-378.45477683E-03
-82.00E-09,+19.36224104343E+00,-326.63316838E-03
-81.00E-09,+19.33299324170E+00,-246.15264012E-03
-80.00E-09,+19.37872973703E+00,-233.58982595E-03
-79.00E-09,+19.32612295270E+00,-248.11557983E-03
-78.00E-09,+19.35321152075E+00,-235.55276566E-03
-77.00E-09,+19.33888206084E+00,-69.48806587E-03
-76.00E-09,+19.31552307824E+00,-178.23492602E-03
-75.00E-09,+19.42387735045E+00,-370.99560592E-03
-74.00E-09,+19.42328846853E+00,-358.82537969E-03
-73.00E-09,+19.41857741322E+00,-361.57349529E-03
-72.00E-09,+19.46097691104E+00,-368.64007826E-03
-71.00E-09,+19.39541472460E+00,-251.64887132E-03
-70.00E-09,+19.42054035293E+00,-220.24183589E-03
-69.00E-09,+19.41916629513E+00,-232.41206212E-03
-68.00E-09,+19.50592823049E+00,-388.66206334E-03
-67.00E-09,+19.53144644677E+00,-494.26821995E-03
-66.00E-09,+19.49002841880E+00,-482.09799372E-03
-65.00E-09,+19.45626585573E+00,-381.59548037E-03
-64.00E-09,+19.47255825535E+00,-354.11432438E-03
-63.00E-09,+19.43035505150E+00,-363.53643500E-03
-62.00E-09,+19.48551365746E+00,-248.11557983E-03
-61.00E-09,+19.48394330569E+00,-264.99686137E-03
-60.00E-09,+19.40365907140E+00,-420.06909876E-03
-59.00E-09,+19.41524041571E+00,-511.93467737E-03
-58.00E-09,+19.03894487256E+00,-569.25251702E-03
-57.00E-09,+18.03607897275E+00,-401.22487751E-03
-56.00E-09,+16.00738077849E+00,-195.90138344E-03
-55.00E-09,+12.83939237430E+00,-358.43279175E-03
-54.00E-09,+9.13414737044E+00,-323.49246484E-03
-53.00E-09,+5.50035337217E+00,-182.94598133E-03
-52.00E-09,+2.77500787346E+00,-284.23367057E-03
-51.00E-09,+1.34755811355E+00,-455.00942567E-03
-50.00E-09,+694.88065870E-03,-420.85427465E-03
-49.00E-09,+582.01162516E-03,-325.84799250E-03
-48.00E-09,+646.19975380E-03,-230.05653446E-03
-47.00E-09,+539.21953939E-03,-320.74434924E-03
-46.00E-09,+404.16928708E-03,-233.19723800E-03
-45.00E-09,+353.13285452E-03,-99.71733746E-03
-44.00E-09,+203.55684833E-03,-272.84862023E-03
-43.00E-09,+126.21702360E-03,-503.29774263E-03
-42.00E-09,+60.65483716E-03,-464.03894835E-03
-41.00E-09,+64.77701056E-03,-314.46294216E-03
-40.00E-09,-14.32945991E-03,-353.72173644E-03
-39.00E-09,-89.90263889E-03,-321.52952513E-03
-38.00E-09,-75.57317898E-03,-190.01256430E-03
-37.00E-09,-92.45446052E-03,-110.70979986E-03
-36.00E-09,-139.36871968E-03,-270.88568051E-03
-35.00E-09,-75.37688501E-03,-381.98806832E-03
-34.00E-09,-87.54711124E-03,-518.60867240E-03
-33.00E-09,-77.33982473E-03,-535.88254188E-03
-32.00E-09,-132.89101863E-03,-398.47676191E-03
-31.00E-09,-195.90138344E-03,-343.51444992E-03
-30.00E-09,-226.91583092E-03,-328.20352015E-03
-29.00E-09,-249.09704969E-03,-195.50879550E-03
-28.00E-09,-198.64949904E-03,-369.42525415E-03
-27.00E-09,-121.30967432E-03,-559.83040639E-03
-26.00E-09,-167.24246362E-03,-456.97236538E-03
-25.00E-09,-158.01664696E-03,-282.27073085E-03
-24.00E-09,-143.68718705E-03,-307.78894713E-03
-23.00E-09,-223.18624546E-03,-290.90766559E-03
-22.00E-09,-278.73743937E-03,-269.31532874E-03
-21.00E-09,-255.96733869E-03,-240.65640892E-03
-20.00E-09,-275.59673582E-03,-381.20289243E-03
-19.00E-09,-225.34547915E-03,-428.31344556E-03
-18.00E-09,-275.40044185E-03,-355.68467615E-03
-17.00E-09,-274.41897200E-03,-254.78957486E-03
-16.00E-09,-264.60427343E-03,-334.48492724E-03
-15.00E-09,-286.39290425E-03,-308.18153507E-03
-14.00E-09,-289.14101985E-03,-203.75314230E-03
-13.00E-09,-262.64133371E-03,-232.41206212E-03
-12.00E-09,-263.42650960E-03,-317.21105776E-03
-11.00E-09,-230.64541638E-03,-349.01068112E-03
-10.00E-09,-310.73335670E-03,-350.97362084E-03
-9.00E-09,-308.18153507E-03,-349.01068112E-03
-8.00E-09,-301.11495210E-03,-292.47801736E-03
-7.00E-09,-322.70728896E-03,+27.48115600E-03
-6.00E-09,-324.27764073E-03,+729.42839767E-03
-5.00E-09,-315.64070599E-03,+2.21772928871E+00
-4.00E-09,-364.71419883E-03,+4.92069727469E+00
-3.00E-09,-284.82255248E-03,+9.03423373903E+00
-2.00E-09,-308.57412302E-03,+14.25840149347E+00
-1.00E-09,-353.91803041E-03,+19.58307176125E+00
+0.0E+00,-363.53643501E-03,+23.96081991108E+00
+1.00E-09,-432.82820690E-03,+27.21694430840E+00
+2.00E-09,-367.85490238E-03,+29.31454168662E+00
+3.00E-09,-329.97016590E-03,+30.58377850559E+00
+4.00E-09,-325.25911058E-03,+31.23037084734E+00
+5.00E-09,-284.82255248E-03,+31.84477097777E+00
+6.00E-09,-364.51790486E-03,+32.35945377074E+00
+7.00E-09,-389.44723923E-03,+32.94244686575E+00
+8.00E-09,-362.35867118E-03,+33.55959511179E+00
+9.00E-09,-394.94347043E-03,+34.04522639699E+00
+10.00E-09,-395.13976440E-03,+34.55441295877E+00
+11.00E-09,-391.99906086E-03,+34.84296509670E+00
+12.00E-09,-439.30590796E-03,+34.86023896618E+00
+13.00E-09,-364.71419883E-03,+35.01570379152E+00
+14.00E-09,-345.86997758E-03,+35.30150781386E+00
+15.00E-09,-367.06972649E-03,+35.66543683680E+00
+16.00E-09,-396.51382220E-03,+35.85584198905E+00
+17.00E-09,-430.47267925E-03,+36.01994374912E+00
+18.00E-09,-455.79460156E-03,+36.12005367453E+00
+19.00E-09,-500.35333306E-03,+36.28611837432E+00
+20.00E-09,-420.26539273E-03,+36.27865920341E+00
+21.00E-09,-342.33668610E-03,+36.26923709278E+00
+22.00E-09,-420.65798068E-03,+36.39918370184E+00
+23.00E-09,-434.00597073E-03,+36.55621887895E+00
+24.00E-09,-361.57349529E-03,+36.79334199638E+00
+25.00E-09,-444.60584519E-03,+36.95391046497E+00
+26.00E-09,-471.30182529E-03,+37.07207943575E+00
+27.00E-09,-443.82066930E-03,+37.18553735121E+00
+28.00E-09,-442.64290547E-03,+37.10113094351E+00
+29.00E-09,-323.88505279E-03,+37.02339853084E+00
+30.00E-09,-371.97707577E-03,+37.12076034065E+00
+31.00E-09,-416.33951331E-03,+37.11526410945E+00
+32.00E-09,-418.10615905E-03,+37.14235267750E+00
+33.00E-09,-477.38693841E-03,+37.36455745311E+00
+34.00E-09,-432.43561896E-03,+37.47801536857E+00
+35.00E-09,-424.58386011E-03,+37.53847391176E+00
+36.00E-09,-502.51256674E-03,+37.39203860910E+00
+37.00E-09,-393.17682468E-03,+37.40263848356E+00
+38.00E-09,-346.45885949E-03,+37.51374087136E+00
+39.00E-09,-366.87343252E-03,+37.60560644997E+00
+40.00E-09,-391.01759100E-03,+37.70885707892E+00
+41.00E-09,-461.68342070E-03,+37.74026411434E+00
+42.00E-09,-494.07192598E-03,+37.81917429084E+00
+43.00E-09,-458.73901113E-03,+37.70571637538E+00
+44.00E-09,-485.82757918E-03,+36.83220820271E+00
+45.00E-09,-473.46105898E-03,+35.23241233592E+00
+46.00E-09,-444.40955122E-03,+32.47919309328E+00
+47.00E-09,-426.93938776E-03,+28.29027974392E+00
+48.00E-09,-377.08071903E-03,+23.15287392483E+00
+49.00E-09,-466.00188807E-03,+18.01468292986E+00
+50.00E-09,-470.12406147E-03,+13.62280161410E+00
+51.00E-09,-526.65672523E-03,+10.50800887617E+00
+52.00E-09,-519.19755431E-03,+8.51876577016E+00
+53.00E-09,-370.99560592E-03,+7.25031412707E+00
+54.00E-09,-455.99089553E-03,+6.48123434718E+00
+55.00E-09,-466.39447601E-03,+6.03054338888E+00
+56.00E-09,-415.75063139E-03,+5.46835745484E+00
+57.00E-09,-482.88316961E-03,+4.82843910812E+00
+58.00E-09,-472.87217707E-03,+4.37971108954E+00
+59.00E-09,-448.72801859E-03,+4.07663319772E+00
+60.00E-09,-461.09453878E-03,+3.70877829535E+00
+61.00E-09,-373.94001549E-03,+3.47204776585E+00
+62.00E-09,-389.25094526E-03,+3.10615580319E+00
+63.00E-09,-426.35050585E-03,+2.89886936941E+00
+64.00E-09,-378.06218889E-03,+2.81878142909E+00
+65.00E-09,-444.21325724E-03,+2.70885680511E+00
+66.00E-09,-456.38348347E-03,+2.56948808543E+00
+67.00E-09,-470.71294338E-03,+2.50235554721E+00
+68.00E-09,-516.05685077E-03,+2.19888506745E+00
+69.00E-09,-407.89887254E-03,+1.89894787918E+00
+70.00E-09,-438.71702605E-03,+1.83848933599E+00
+71.00E-09,-402.59893531E-03,+1.92878456283E+00
+72.00E-09,-405.15075694E-03,+1.88402953735E+00
+73.00E-09,-467.37594587E-03,+1.76625315452E+00
+74.00E-09,-442.64290547E-03,+1.80197865731E+00
+75.00E-09,-459.91677495E-03,+1.77331973749E+00
+76.00E-09,-477.77952635E-03,+1.62178079158E+00
+77.00E-09,-411.62845799E-03,+1.42627199608E+00
+78.00E-09,-405.93593282E-03,+1.28179963314E+00
+79.00E-09,-443.62437533E-03,+1.51460428321E+00
+80.00E-09,-416.33951331E-03,+1.59586998736E+00
+81.00E-09,-508.99026780E-03,+1.45296797619E+00
+82.00E-09,-522.33825785E-03,+1.45375315208E+00
+83.00E-09,-477.19064444E-03,+1.48594536338E+00
+84.00E-09,-516.05685077E-03,+1.19896357722E+00
+85.00E-09,-390.82129703E-03,+1.08589824970E+00
+86.00E-09,-413.39510374E-03,+1.09139448090E+00
+87.00E-09,-486.41646109E-03,+1.17266018505E+00
+88.00E-09,-503.88662455E-03,+1.16637877797E+00
+89.00E-09,-589.07820813E-03,+1.17069724534E+00
+90.00E-09,-538.04177557E-03,+1.17540830065E+00
+91.00E-09,-467.17965190E-03,+1.15499372763E+00
+92.00E-09,-508.20509192E-03,+1.00973618880E+00
+93.00E-09,-406.13222680E-03,+956.73681653E-03
+94.00E-09,-408.48775445E-03,+854.27136347E-03
+95.00E-09,-391.80276688E-03,+890.78204214E-03
+96.00E-09,-251.84516529E-03,+982.64762075E-03
+97.00E-09,+11.77763828E-03,+955.95164064E-03
+98.00E-09,+847.79366241E-03,+1.01091395263E+00
+99.00E-09,+1.93506596992E+00,+1.09610553621E+00
+100.00E-09,+3.55743564341E+00,+882.93028329E-03
+101.00E-09,+5.58220795825E+00,+671.32538214E-03
+102.00E-09,+7.47193002077E+00,+696.84359842E-03
+103.00E-09,+9.21776860227E+00,+696.84359842E-03
+104.00E-09,+10.61322244484E+00,+745.91709126E-03
+105.00E-09,+11.51538953732E+00,+737.67274446E-03
+106.00E-09,+12.19162226874E+00,+786.35364937E-03
+107.00E-09,+12.67882390572E+00,+871.54523295E-03
+108.00E-09,+12.96423534011E+00,+801.27199119E-03
+109.00E-09,+13.31599413684E+00,+695.27324664E-03
+110.00E-09,+13.68384903921E+00,+674.85867362E-03
+111.00E-09,+14.04345959479E+00,+711.76194024E-03
+112.00E-09,+14.42544766310E+00,+654.44410060E-03
+113.00E-09,+14.68062982590E+00,+641.09611054E-03
+114.00E-09,+14.93286757913E+00,+698.80653813E-03
+115.00E-09,+15.12798378669E+00,+772.22048343E-03
+116.00E-09,+15.30994829816E+00,+540.20100925E-03
+117.00E-09,+15.58711538576E+00,+516.64573268E-03
+118.00E-09,+15.71333240936E+00,+494.26821995E-03
+119.00E-09,+15.83051991028E+00,+535.88254188E-03
+120.00E-09,+15.88607110418E+00,+628.53329637E-03
+121.00E-09,+15.92670395626E+00,+536.66771777E-03
+122.00E-09,+16.10042412093E+00,+631.67399992E-03
+123.00E-09,+16.16166784000E+00,+763.97613663E-03
+124.00E-09,+16.28886633346E+00,+479.74246606E-03
+125.00E-09,+16.42018700032E+00,+259.10804223E-03
+126.00E-09,+16.45355697545E+00,+362.75125912E-03
+127.00E-09,+16.53501897358E+00,+539.80842131E-03
+128.00E-09,+16.60529221533E+00,+447.94284270E-03
+129.00E-09,+16.64219548195E+00,+509.18656177E-03
+130.00E-09,+16.72306859816E+00,+528.81595891E-03
+131.00E-09,+16.76252368641E+00,+443.23178739E-03
+132.00E-09,+16.88638518236E+00,+275.98932377E-03
+133.00E-09,+16.96097689148E+00,+334.09233930E-03
+134.00E-09,+16.94880666526E+00,+358.43279175E-03
+135.00E-09,+16.95783618794E+00,+267.74497697E-03
+136.00E-09,+17.00828373859E+00,+381.59548037E-03
+137.00E-09,+17.02045396481E+00,+393.37311866E-03
+138.00E-09,+17.04008336195E+00,+364.71419883E-03
+139.00E-09,+17.13960440544E+00,+317.21105776E-03
+140.00E-09,+17.13823034764E+00,+310.92965067E-03
+141.00E-09,+17.20987764720E+00,+202.96796641E-03
+142.00E-09,+17.21929975782E+00,+213.17525292E-03
+143.00E-09,+17.29703217049E+00,+251.25628337E-03
+144.00E-09,+17.27622500953E+00,+317.99623364E-03
+145.00E-09,+17.20968135323E+00,+310.14447479E-03
+146.00E-09,+17.12350829979E+00,+121.70226226E-03
+147.00E-09,+16.74996087224E+00,+173.91645865E-03
+148.00E-09,+16.10317223653E+00,+260.67839400E-03
+149.00E-09,+15.05790683890E+00,+203.36055435E-03
+150.00E-09,+13.30951643578E+00,+292.47801736E-03
+151.00E-09,+11.28906258831E+00,+388.66206334E-03
+152.00E-09,+9.36224096520E+00,+314.07035422E-03
+153.00E-09,+7.55201796109E+00,+342.72927404E-03
+154.00E-09,+6.29809207188E+00,+370.99560592E-03
+155.00E-09,+5.44401700239E+00,+363.92902295E-03
+156.00E-09,+4.85434991235E+00,+184.51633310E-03
+157.00E-09,+4.50573181917E+00,+193.15326784E-03
+158.00E-09,+4.08369978069E+00,+213.96042881E-03
+159.00E-09,+3.69817842089E+00,+96.96922186E-03
+160.00E-09,+3.42002986344E+00,+201.39761464E-03
+161.00E-09,+3.12558890636E+00,+272.84862023E-03
+162.00E-09,+2.81308890392E+00,+303.07789182E-03
+163.00E-09,+2.53592181632E+00,+150.75377002E-03
+164.00E-09,+2.28486182692E+00,+71.84359353E-03
+165.00E-09,+2.19849247951E+00,+114.63567929E-03
+166.00E-09,+2.03026854603E+00,+201.79020258E-03
+167.00E-09,+1.82631910976E+00,+251.25628337E-03
+168.00E-09,+1.63453989972E+00,+269.70791668E-03
+169.00E-09,+1.51342651938E+00,+155.07223739E-03
+170.00E-09,+1.41783135531E+00,+224.56030326E-03
+171.00E-09,+1.32007695756E+00,+201.00502670E-03
+172.00E-09,+1.22153738393E+00,+73.80653324E-03
+173.00E-09,+1.18306376554E+00,+58.10301553E-03
+174.00E-09,+1.08432789793E+00,+113.45791546E-03
+175.00E-09,+1.02524341254E+00,+203.36055435E-03
+176.00E-09,+960.07381404E-03,+197.07914727E-03
+177.00E-09,+869.97488118E-03,+140.15389557E-03
+178.00E-09,+867.03047161E-03,+143.68718705E-03
+179.00E-09,+834.24937839E-03,+230.84171035E-03
+180.00E-09,+811.08668976E-03,+26.69598011E-03
+181.00E-09,+764.76131252E-03,-29.05150776E-03
+182.00E-09,+703.71388741E-03,+112.67273957E-03
+183.00E-09,+658.76256797E-03,+106.39133249E-03
+184.00E-09,+582.20791913E-03,+108.74686015E-03
+185.00E-09,+509.57914972E-03,+49.46608079E-03
+186.00E-09,+502.11997880E-03,+157.03517711E-03
+187.00E-09,+527.44190111E-03,+240.26382098E-03
+188.00E-09,+541.96765499E-03,+262.64133371E-03
+189.00E-09,+597.12626095E-03,+126.02072963E-03
+190.00E-09,+461.68342070E-03,+54.17713610E-03
+191.00E-09,+404.75816900E-03,+159.39070476E-03
+192.00E-09,+420.46168671E-03,+78.51758855E-03
+193.00E-09,+348.02921127E-03,+67.91771410E-03
+194.00E-09,+408.09516651E-03,+176.66457425E-03
+195.00E-09,+415.16174948E-03,+191.19032813E-03
+196.00E-09,+374.33260343E-03,-1.96293971E-03
+197.00E-09,+430.86526719E-03,-64.38442261E-03
+198.00E-09,+368.05119635E-03,-174.70163453E-03
+199.00E-09,+331.54051767E-03,-78.91017650E-03
+200.00E-09,+320.35176130E-03,-218.67148412E-03
+201.00E-09,+186.28297884E-03,-411.03957608E-03
+202.00E-09,+165.08322993E-03,-321.52952513E-03
+203.00E-09,+124.05778992E-03,-270.88568051E-03
+204.00E-09,+119.15044063E-03,-348.61809318E-03
+205.00E-09,+196.88285330E-03,-373.74372152E-03
+206.00E-09,+122.29114417E-03,-356.86243998E-03
+207.00E-09,+73.61023927E-03,-152.32412179E-03
+208.00E-09,+64.18812864E-03,-108.74686015E-03
+209.00E-09,+26.10709819E-03,-252.82663514E-03
+210.00E-09,+61.04742510E-03,-163.70917213E-03
+211.00E-09,+101.68027718E-03,-245.36746423E-03
+212.00E-09,+114.63567929E-03,-561.79334610E-03
+213.00E-09,+172.93498879E-03,-588.09673827E-03
+214.00E-09,+48.87719887E-03,-582.20791913E-03
+215.00E-09,+64.77701056E-03,-517.82349651E-03
+216.00E-09,+79.49905841E-03,-348.22550524E-03
+217.00E-09,-15.89981168E-03,-261.07098194E-03
+218.00E-09,-54.76601802E-03,-146.82789060E-03
+219.00E-09,-21.98492480E-03,-95.39887009E-03
+220.00E-09,-52.41049036E-03,-259.10804223E-03
+221.00E-09,+15.89981168E-03,-303.07789182E-03
+222.00E-09,+4.12217340E-03,-369.81784209E-03
+223.00E-09,-27.87374394E-03,-241.04899686E-03
+224.00E-09,-80.08794033E-03,-177.05716219E-03
+225.00E-09,-126.60961154E-03,-120.13191049E-03
+226.00E-09,-130.92807891E-03,-44.75502548E-03
+227.00E-09,-96.96922186E-03,-124.45037786E-03
+228.00E-09,-130.92807891E-03,-353.72173644E-03
+229.00E-09,-43.18467370E-03,-400.43970162E-03
+230.00E-09,-74.78800310E-03,-336.44786695E-03
+231.00E-09,-86.56564138E-03,-292.08542942E-03
+232.00E-09,-90.88410875E-03,-262.64133371E-03
+233.00E-09,-169.00910936E-03,-277.16708760E-03
+234.00E-09,-190.79774019E-03,-152.71670974E-03
+235.00E-09,-151.34265194E-03,-108.74686015E-03
+236.00E-09,-128.76884523E-03,-245.76005217E-03
+237.00E-09,-84.01381975E-03,-458.15012921E-03
+238.00E-09,-118.75785269E-03,-502.11997880E-03
+239.00E-09,-86.76193535E-03,-467.96482778E-03
+240.00E-09,-58.88819142E-03,-323.88505278E-03
+241.00E-09,-206.69755187E-03,-284.23367057E-03
+242.00E-09,-230.64541638E-03,-266.56721314E-03
+243.00E-09,-139.95760160E-03,-210.81972527E-03
+244.00E-09,-159.19441079E-03,-469.92776750E-03
+245.00E-09,-127.59108140E-03,-529.20854685E-03
+246.00E-09,-157.82035299E-03,-547.66018016E-03
+247.00E-09,-190.01256430E-03,-586.91897444E-03
+248.00E-09,-125.03925977E-03,-453.83166184E-03
+249.00E-09,-188.44221253E-03,-250.47110749E-03
+250.00E-09,-224.95289121E-03,-174.70163453E-03
+251.00E-09,-294.04836913E-03,-145.25753882E-03
+252.00E-09,-243.99340643E-03,-87.15452329E-03
+253.00E-09,-73.61023927E-03,-44.75502548E-03
+254.00E-09,-228.87877063E-03,-200.61243876E-03
+255.00E-09,-218.27889618E-03,-247.72299189E-03
+256.00E-09,-297.77795459E-03,-305.04083153E-03
+257.00E-09,-413.00251579E-03,-354.11432438E-03
+258.00E-09,-372.17336975E-03,-264.60427343E-03
+259.00E-09,-301.70383402E-03,-45.54020136E-03
+260.00E-09,-254.98586883E-03,-106.78392043E-03
+261.00E-09,-151.53894591E-03,-107.96168426E-03
+262.00E-09,-188.04962459E-03,-115.42085517E-03
+263.00E-09,-276.97079362E-03,-109.92462398E-03
+264.00E-09,-274.22267802E-03,-48.28831696E-03
+265.00E-09,-316.03329393E-03,-153.89447357E-03
+266.00E-09,-331.54051767E-03,-110.31721192E-03
+267.00E-09,-394.35458851E-03,-159.39070477E-03
+268.00E-09,-431.45414910E-03,-327.41834427E-03
+269.00E-09,-235.94535360E-03,-433.80967676E-03
+270.00E-09,-190.40515224E-03,-542.55653691E-03
+271.00E-09,-227.11212489E-03,-513.50502914E-03
+272.00E-09,-318.19252762E-03,-448.72801859E-03
+273.00E-09,-400.04711368E-03,-527.24560714E-03
+274.00E-09,-335.27010313E-03,-443.23178739E-03
+275.00E-09,-349.40326907E-03,-229.66394652E-03
+276.00E-09,-318.78140953E-03,-338.80339461E-03
+277.00E-09,-238.49717523E-03,-541.37877308E-03
+278.00E-09,-284.62625851E-03,-610.47425101E-03
+279.00E-09,-311.91112053E-03,-575.14133616E-03
+280.00E-09,-282.66331879E-03,-507.22362206E-03
+281.00E-09,-336.84045490E-03,-461.68342070E-03
+282.00E-09,-365.69566869E-03,-394.55088248E-03
+283.00E-09,-343.12186198E-03,-365.49937472E-03
+284.00E-09,-366.87343252E-03,-514.68279297E-03
+285.00E-09,-300.32977622E-03,-602.22990421E-03
+286.00E-09,-342.14039212E-03,-582.60050707E-03
+287.00E-09,-327.81093221E-03,-585.74121061E-03
+288.00E-09,-309.35929890E-03,-466.00188807E-03
+289.00E-09,-357.64761586E-03,-459.32789304E-03
+290.00E-09,-396.71011617E-03,-369.42525415E-03
+291.00E-09,-369.22896018E-03,-398.47676191E-03
+292.00E-09,-355.68467615E-03,-640.31093466E-03
+293.00E-09,-276.18561774E-03,-637.17023112E-03
+294.00E-09,-290.51507765E-03,-572.78580850E-03
+295.00E-09,-377.27701300E-03,-522.14196388E-03
+296.00E-09,-353.32914849E-03,-433.41708882E-03
+297.00E-09,-381.59548037E-03,-444.01696327E-03
+298.00E-09,-318.58511556E-03,-364.32161089E-03
+299.00E-09,-323.29617087E-03,-244.97487629E-03
+300.00E-09,-431.06156116E-03,-473.85364692E-03
+301.00E-09,-325.65169853E-03,-554.33417519E-03
+302.00E-09,-329.57757796E-03,-444.80213916E-03
+303.00E-09,-399.65452574E-03,-348.22550524E-03
+304.00E-09,-403.58040517E-03,-440.87625973E-03
+305.00E-09,-537.06030571E-03,-365.89196266E-03
+306.00E-09,-562.38222802E-03,-326.24058044E-03
+307.00E-09,-525.87154934E-03,-283.44849468E-03
+308.00E-09,-527.04931317E-03,-500.15703909E-03
+309.00E-09,-452.65389801E-03,-706.26570904E-03
+310.00E-09,-445.39102107E-03,-582.60050707E-03
+311.00E-09,-434.79114662E-03,-433.80967676E-03
+312.00E-09,-436.75408633E-03,-527.63819508E-03
+313.00E-09,-592.61149961E-03,-565.71922553E-03
+314.00E-09,-602.62249215E-03,-412.60992785E-03
+315.00E-09,-668.18467859E-03,-358.82537969E-03
+316.00E-09,-651.89227897E-03,-354.11432438E-03
+317.00E-09,-587.50785635E-03,-512.32726531E-03
+318.00E-09,-547.26759222E-03,-502.90515469E-03
+319.00E-09,-527.24560714E-03,-504.86809440E-03
+320.00E-09,-496.82004158E-03,-438.12814413E-03
+321.00E-09,-545.30465251E-03,-386.69912363E-03
+322.00E-09,-569.05622304E-03,-337.62563078E-03
+323.00E-09,-519.98273020E-03,-252.43404720E-03
+324.00E-09,-502.70886072E-03,-408.68404842E-03
+325.00E-09,-403.97299311E-03,-464.82412424E-03
+326.00E-09,-466.78706395E-03,-414.57286756E-03
+327.00E-09,-475.81658664E-03,-385.12877186E-03
+328.00E-09,-453.24277993E-03,-411.43216402E-03
+329.00E-09,-558.65264256E-03,-338.41080667E-03
+330.00E-09,-559.83040639E-03,-294.44095708E-03
+331.00E-09,-494.07192598E-03,-263.03392166E-03
+332.00E-09,-513.11244120E-03,-353.72173644E-03
+333.00E-09,-484.06093344E-03,-426.74309379E-03
+334.00E-09,-488.77198875E-03,-474.24623487E-03
+335.00E-09,-479.34987812E-03,-489.55716463E-03
+336.00E-09,-510.75691354E-03,-392.19535483E-03
+337.00E-09,-602.42619818E-03,-314.07035422E-03
+338.00E-09,-526.65672523E-03,-298.36683650E-03
+339.00E-09,-525.47896140E-03,-177.44975013E-03
+340.00E-09,-521.74937594E-03,-358.43279175E-03
+341.00E-09,-451.67242816E-03,-501.33480292E-03
+342.00E-09,-497.80151143E-03,-558.65264256E-03
+343.00E-09,-488.96828272E-03,-447.55025476E-03
+344.00E-09,-424.38756613E-03,-404.75816900E-03
+345.00E-09,-524.89007948E-03,-522.53455183E-03
+346.00E-09,-543.53800676E-03,-422.81721436E-03
+347.00E-09,-564.34516773E-03,-300.32977622E-03
+348.00E-09,-583.38568296E-03,-415.75063139E-03
+349.00E-09,-483.27575755E-03,-458.93530510E-03
+350.00E-09,-492.30528023E-03,-483.66834549E-03
+351.00E-09,-506.63474014E-03,-455.79460156E-03
+352.00E-09,-525.28266743E-03,-400.04711368E-03
+353.00E-09,-557.86746668E-03,-368.64007826E-03
+354.00E-09,-464.23524233E-03,-305.43341947E-03
+355.00E-09,-426.93938776E-03,-194.33103167E-03
+356.00E-09,-384.53988994E-03,-320.35176130E-03
+357.00E-09,-372.56595769E-03,-511.54208943E-03
+358.00E-09,-439.50220193E-03,-505.65327029E-03
+359.00E-09,-459.72048098E-03,-458.15012921E-03
+360.00E-09,-501.53109689E-03,-407.89887254E-03
+361.00E-09,-582.01162516E-03,-385.91394774E-03
+362.00E-09,-543.93059471E-03,-385.91394774E-03
+363.00E-09,-455.00942567E-03,-306.21859536E-03
+364.00E-09,-430.27638527E-03,-469.92776750E-03
+365.00E-09,-339.58857050E-03,-566.50440142E-03
+366.00E-09,-405.54334488E-03,-430.66897322E-03
+367.00E-09,-428.70603350E-03,-508.79397383E-03
+368.00E-09,-505.26068235E-03,-480.13505401E-03
+369.00E-09,-597.51884890E-03,-347.83291729E-03
+370.00E-09,-582.01162516E-03,-283.05590674E-03
+371.00E-09,-571.41175070E-03,-246.15264012E-03
+372.00E-09,-619.30747972E-03,-366.67713855E-03
+373.00E-09,-480.33134798E-03,-415.75063139E-03
+374.00E-09,-513.89761709E-03,-524.89007948E-03
+375.00E-09,-503.88662454E-03,-381.59548037E-03
+376.00E-09,-443.82066930E-03,-389.05465129E-03
+377.00E-09,-528.42337097E-03,-474.63882281E-03
+378.00E-09,-587.31156238E-03,-296.01130885E-03
+379.00E-09,-564.14887376E-03,-252.82663514E-03
+380.00E-09,-545.89353442E-03,-434.59485265E-03
+381.00E-09,-528.81595891E-03,-582.99309501E-03
+382.00E-09,-537.64918762E-03,-639.13317083E-03
+383.00E-09,-529.60113480E-03,-399.65452574E-03
+384.00E-09,-565.13034362E-03,-323.09987690E-03
+385.00E-09,-675.05496759E-03,-301.90012799E-03
+386.00E-09,-634.22582154E-03,-247.33040394E-03
+387.00E-09,-594.77073330E-03,-215.92336852E-03
+388.00E-09,-669.95132434E-03,-373.35113357E-03
+389.00E-09,-607.52984144E-03,-504.47550646E-03
+390.00E-09,-631.08511800E-03,-635.59987934E-03
+391.00E-09,-619.70006766E-03,-531.95666245E-03
+392.00E-09,-602.22990421E-03,-495.83857172E-03
+393.00E-09,-649.92933926E-03,-502.11997880E-03
+394.00E-09,-607.52984144E-03,-317.21105776E-03
+395.00E-09,-664.25879917E-03,-192.76067990E-03
+396.00E-09,-668.96985448E-03,-299.15201239E-03
+397.00E-09,-517.82349651E-03,-556.29711490E-03
+398.00E-09,-572.58951453E-03,-565.71922553E-03
+399.00E-09,-570.03769290E-03,-534.70477805E-03
+400.00E-09,-529.01225288E-03,-546.87500428E-03
+401.00E-09,-644.43310806E-03,-409.86181225E-03
+402.00E-09,-678.19567113E-03,-150.36118208E-03
+403.00E-09,-631.67399992E-03,-232.01947418E-03
+404.00E-09,-675.64384951E-03,-370.99560592E-03
+405.00E-09,-569.64510496E-03,-395.33605837E-03
+406.00E-09,-591.04114784E-03,-462.07600864E-03
+407.00E-09,-643.05905026E-03,-330.55904781E-03
+408.00E-09,-634.81470346E-03,-215.53078058E-03
+409.00E-09,-645.80716586E-03,-315.24811805E-03
+410.00E-09,-669.36244242E-03,-352.15138466E-03
+411.00E-09,-640.50722863E-03,-317.99623364E-03
+412.00E-09,-642.07758040E-03,-467.57223984E-03
+413.00E-09,-607.72613541E-03,-495.05339583E-03
+414.00E-09,-577.69315779E-03,-529.99372274E-03
+415.00E-09,-595.75220315E-03,-551.58605959E-03
+416.00E-09,-603.99654995E-03,-434.98744059E-03
+417.00E-09,-698.21765622E-03,-402.01005340E-03
+418.00E-09,-653.26633677E-03,-384.34359597E-03
+419.00E-09,-610.67054498E-03,-335.66269107E-03
+420.00E-09,-592.61149961E-03,-387.87688746E-03
+421.00E-09,-500.15703909E-03,-376.88442506E-03
+422.00E-09,-542.75283088E-03,-412.21733991E-03
+423.00E-09,-590.64855990E-03,-554.72676313E-03
+424.00E-09,-571.01916276E-03,-468.35741572E-03
+425.00E-09,-583.18938898E-03,-414.57286756E-03
+426.00E-09,-605.17431378E-03,-319.56658541E-03
+427.00E-09,-607.92242938E-03,-220.24183589E-03
+428.00E-09,-609.88536909E-03,-340.37374638E-03
+429.00E-09,-560.22299433E-03,-408.29146048E-03
+430.00E-09,-570.03769290E-03,-441.66143562E-03
+431.00E-09,-594.18185138E-03,-471.49811927E-03
+432.00E-09,-571.60804467E-03,-387.87688746E-03
+433.00E-09,-641.68499246E-03,-380.02512860E-03
+434.00E-09,-636.18876126E-03,-321.52952513E-03
+435.00E-09,-625.98147475E-03,-204.53831818E-03
+436.00E-09,-654.83668854E-03,-358.82537969E-03
+437.00E-09,-570.62657482E-03,-483.66834549E-03
+438.00E-09,-525.08637346E-03,-466.39447601E-03
+439.00E-09,-550.21200179E-03,-424.78015408E-03
+440.00E-09,-537.06030571E-03,-406.32852077E-03
+441.00E-09,-648.16269351E-03,-393.37311865E-03
+442.00E-09,-634.22582154E-03,-293.65578119E-03
+443.00E-09,-564.34516773E-03,-305.04083153E-03
+444.00E-09,-636.18876126E-03,-384.34359597E-03
+445.00E-09,-607.33354746E-03,-507.22362206E-03
+446.00E-09,-630.29994212E-03,-564.14887376E-03
+447.00E-09,-600.46325847E-03,-360.39573146E-03
+448.00E-09,-552.17494151E-03,-218.67148412E-03
+449.00E-09,-609.49278115E-03,-296.01130885E-03
+450.00E-09,-581.61903721E-03,-291.30025354E-03
+451.00E-09,-640.50722863E-03,-314.85553010E-03
+452.00E-09,-630.69253006E-03,-350.97362084E-03
+453.00E-09,-503.29774263E-03,-429.09862145E-03
+454.00E-09,-536.07883585E-03,-491.12751640E-03
+455.00E-09,-556.68970285E-03,-391.41017894E-03
+456.00E-09,-538.82695145E-03,-323.88505279E-03
+457.00E-09,-628.72959035E-03,-363.53643500E-03
+458.00E-09,-594.18185138E-03,-270.49309257E-03
+459.00E-09,-588.88191416E-03,-236.73052949E-03
+460.00E-09,-578.87092161E-03,-427.92085762E-03
+461.00E-09,-542.75283088E-03,-560.22299433E-03
+462.00E-09,-604.97801981E-03,-544.51947662E-03
+463.00E-09,-574.35616027E-03,-475.42399869E-03
+464.00E-09,-555.51193902E-03,-368.64007826E-03
+465.00E-09,-606.94095952E-03,-366.28455060E-03
+466.00E-09,-579.85239147E-03,-291.30025354E-03
+467.00E-09,-558.45634859E-03,-294.44095708E-03
+468.00E-09,-613.41866058E-03,-339.19598255E-03
+469.00E-09,-524.69378551E-03,-420.06909876E-03
+470.00E-09,-556.49340888E-03,-411.43216402E-03
+471.00E-09,-574.15986630E-03,-382.77324420E-03
+472.00E-09,-553.74529328E-03,-437.73555619E-03
+473.00E-09,-656.99592223E-03,-383.16583214E-03
+474.00E-09,-619.30747972E-03,-319.56658541E-03
+475.00E-09,-580.24497941E-03,-248.50816777E-03
+476.00E-09,-603.40766804E-03,-352.15138466E-03
+477.00E-09,-575.53392410E-03,-317.60364570E-03
+478.00E-09,-568.46734113E-03,-328.59610810E-03
+479.00E-09,-591.82632373E-03,-285.41143439E-03
+480.00E-09,-610.27795704E-03,-236.33794155E-03
+481.00E-09,-664.84768108E-03,-307.39635919E-03
+482.00E-09,-629.51476623E-03,-245.76005217E-03
+483.00E-09,-595.16332124E-03,-208.85678555E-03
+484.00E-09,-650.32192720E-03,-288.55213794E-03
+485.00E-09,-566.89698936E-03,-460.50565687E-03
+486.00E-09,-560.22299433E-03,-516.25314474E-03
+487.00E-09,-574.15986630E-03,-520.17902417E-03
+488.00E-09,-583.77827090E-03,-388.26947540E-03
+489.00E-09,-635.20729140E-03,-288.55213794E-03
+490.00E-09,-623.42965312E-03,-230.44912241E-03
+491.00E-09,-618.12971589E-03,-265.38944931E-03
+492.00E-09,-656.21074634E-03,-472.67588310E-03
+493.00E-09,-553.74529328E-03,-628.14070843E-03
+494.00E-09,-585.93750458E-03,-557.86746668E-03
+495.00E-09,-628.72959034E-03,-431.06156116E-03
+496.00E-09,-563.36369788E-03,-284.62625851E-03
+497.00E-09,-621.07412546E-03,-346.65515347E-03
+498.00E-09,-611.84830881E-03,-305.43341947E-03
+499.00E-09,-591.04114784E-03,-205.71608201E-03
+500.00E-09,-547.26759222E-03,-399.26193780E-03
+501.00E-09,-484.84610932E-03,-605.37060775E-03
+502.00E-09,-576.12280602E-03,-566.89698936E-03
+503.00E-09,-602.81878612E-03,-500.15703909E-03
+504.00E-09,-548.05276811E-03,-327.02575633E-03
+505.00E-09,-588.68562018E-03,-213.17525293E-03
+506.00E-09,-604.38913789E-03,-280.70037908E-03
+507.00E-09,-605.17431378E-03,-191.19032813E-03
+508.00E-09,-630.49623609E-03,-349.01068112E-03
+509.00E-09,-505.26068234E-03,-612.04460278E-03
+510.00E-09,-513.30873517E-03,-511.54208943E-03
+511.00E-09,-543.93059471E-03,-301.11495211E-03
+512.00E-09,-542.94912485E-03,-458.93530510E-03
+513.00E-09,-625.78518078E-03,-493.87563200E-03
+514.00E-09,-589.27450210E-03,-252.43404720E-03
+515.00E-09,-542.75283088E-03,-167.24246362E-03
+516.00E-09,-598.50031875E-03,-259.89321812E-03
+517.00E-09,-533.72330820E-03,-520.17902417E-03
+518.00E-09,-547.26759222E-03,-549.62311988E-03
+519.00E-09,-569.05622304E-03,-431.84673705E-03
+520.00E-09,-545.69724045E-03,-477.77952635E-03
+521.00E-09,-566.50440142E-03,-502.51256674E-03
+522.00E-09,-540.00471528E-03,-319.56658541E-03
+523.00E-09,-578.28203970E-03,-204.53831818E-03
+524.00E-09,-591.82632372E-03,-254.00439897E-03
+525.00E-09,-481.90169975E-03,-332.52198753E-03
+526.00E-09,-528.81595891E-03,-518.60867240E-03
+527.00E-09,-539.02324542E-03,-493.48304406E-03
+528.00E-09,-549.81941385E-03,-448.33543064E-03
+529.00E-09,-657.78109811E-03,-378.45477683E-03
+530.00E-09,-659.35144988E-03,-297.18907267E-03
+531.00E-09,-630.49623609E-03,-120.91708637E-03
+532.00E-09,-602.62249215E-03,-236.73052949E-03
+533.00E-09,-542.94912485E-03,-360.39573146E-03
+534.00E-09,-589.86338401E-03,-415.75063139E-03
+535.00E-09,-599.08920067E-03,-382.77324420E-03
+536.00E-09,-577.69315779E-03,-397.69158603E-03
+537.00E-09,-637.17023112E-03,-390.62500305E-03
+538.00E-09,-633.63693963E-03,-219.06407207E-03
+539.00E-09,-650.32192720E-03,-222.59736355E-03
+540.00E-09,-636.58134920E-03,-260.67839400E-03
+541.00E-09,-543.14541882E-03,-404.75816900E-03
+542.00E-09,-584.95603473E-03,-460.89824481E-03
+543.00E-09,-565.91551950E-03,-368.24749032E-03
+544.00E-09,-529.79742877E-03,-279.13002731E-03
+545.00E-09,-594.96702727E-03,-244.97487629E-03
+546.00E-09,-593.59296947E-03,-292.08542942E-03
+547.00E-09,-567.09328333E-03,-265.78203726E-03
+548.00E-09,-621.46671340E-03,-362.75125912E-03
+549.00E-09,-532.54554437E-03,-478.95729018E-03
+550.00E-09,-519.39384828E-03,-506.83103412E-03
+551.00E-09,-548.64165002E-03,-492.30528023E-03
+552.00E-09,-579.26350956E-03,-318.78140953E-03
+553.00E-09,-660.33291974E-03,-304.64824359E-03
+554.00E-09,-604.38913789E-03,-374.92148535E-03
+555.00E-09,-605.17431378E-03,-408.68404842E-03
+556.00E-09,-616.36307015E-03,-442.44661150E-03
+557.00E-09,-471.69441324E-03,-533.52701422E-03
+558.00E-09,-501.33480292E-03,-559.04523050E-03
+559.00E-09,-566.50440142E-03,-370.60301797E-03
+560.00E-09,-585.74121061E-03,-294.04836914E-03
+561.00E-09,-643.25534423E-03,-342.72927404E-03
+562.00E-09,-597.12626095E-03,-274.02638405E-03
+563.00E-09,-598.89290670E-03,-212.78266498E-03
+564.00E-09,-631.47770594E-03,-273.63379611E-03
+565.00E-09,-560.81187625E-03,-412.21733991E-03
+566.00E-09,-515.27167489E-03,-470.32035544E-03
+567.00E-09,-510.95320751E-03,-373.74372152E-03
+568.00E-09,-498.97927526E-03,-267.35238903E-03
+569.00E-09,-628.53329637E-03,-382.77324420E-03
+570.00E-09,-688.59925162E-03,-280.70037908E-03
+571.00E-09,-676.23273142E-03,-175.87939836E-03
+572.00E-09,-651.10710308E-03,-317.21105776E-03
+573.00E-09,-513.89761709E-03,-396.12123425E-03
+574.00E-09,-552.96011739E-03,-345.47738964E-03
+575.00E-09,-575.33763013E-03,-345.47738964E-03
+576.00E-09,-540.78989117E-03,-328.59610810E-03
+577.00E-09,-602.81878612E-03,-382.38065626E-03
+578.00E-09,-594.18185138E-03,-376.88442506E-03
+579.00E-09,-570.82286879E-03,-319.56658541E-03
+580.00E-09,-585.15232870E-03,-355.68467615E-03
+581.00E-09,-531.95666245E-03,-475.42399869E-03
+582.00E-09,-515.46796886E-03,-468.35741572E-03
+583.00E-09,-533.72330820E-03,-275.20414788E-03
+584.00E-09,-540.20100925E-03,-221.81218766E-03
+585.00E-09,-602.42619818E-03,-241.83417275E-03
+586.00E-09,-542.36024294E-03,-258.32286634E-03
+587.00E-09,-539.02324542E-03,-195.90138344E-03
+588.00E-09,-611.84830881E-03,-162.13882036E-03
+589.00E-09,-535.68624791E-03,-255.96733869E-03
+590.00E-09,-541.96765499E-03,-249.29334366E-03
+591.00E-09,-540.00471528E-03,-247.33040395E-03
+592.00E-09,-476.99435047E-03,-289.72990176E-03
+593.00E-09,-632.26288183E-03,-262.24874577E-03
+594.00E-09,-635.01099743E-03,-155.07223739E-03
+595.00E-09,-578.87092161E-03,-57.71042759E-03
+596.00E-09,-586.72268047E-03,-254.39698692E-03
+597.00E-09,-471.69441324E-03,-357.64761586E-03
+598.00E-09,-487.39793095E-03,-367.85490238E-03
+599.00E-09,-482.29428769E-03,-383.95100803E-03
+600.00E-09,-547.46388619E-03,-328.98869604E-03
+601.00E-09,-675.64384951E-03,-206.10866995E-03
+602.00E-09,-628.92588432E-03,-151.93153385E-03
+603.00E-09,-588.09673827E-03,-132.69472466E-03
+604.00E-09,-562.18593405E-03,-266.17462520E-03
+605.00E-09,-519.78643623E-03,-483.27575755E-03
+606.00E-09,-621.27041943E-03,-454.61683773E-03
+607.00E-09,-594.96702727E-03,-411.82475197E-03
+608.00E-09,-497.60521746E-03,-367.85490237E-03
+609.00E-09,-583.97456487E-03,-274.02638405E-03
+610.00E-09,-607.33354746E-03,-189.61997636E-03
+611.00E-09,-604.19284392E-03,-120.13191049E-03
+612.00E-09,-581.61903721E-03,-261.46356988E-03
+613.00E-09,-553.74529328E-03,-303.47047976E-03
+614.00E-09,-583.38568296E-03,-345.47738964E-03
+615.00E-09,-633.63693963E-03,-358.04020381E-03
